<?xml version="1.0" encoding="UTF-8"?>
<project-private xmlns="http://www.netbeans.org/ns/project-private/1">
    <editor-bookmarks xmlns="http://www.netbeans.org/ns/editor-bookmarks/2" lastBookmarkId="0"/>
    <open-files xmlns="http://www.netbeans.org/ns/projectui-open-files/2">
        <group name="Group 20180918-11:24:07">
            <file>file:/C:/Users/PRATAP%20KUMAR/Documents/NetBeansProjects/JavaApplication4/src/cardselection.java</file>
            <file>file:/C:/Users/PRATAP%20KUMAR/Documents/NetBeansProjects/JavaApplication4/src/recepit.java</file>
            <file>file:/C:/Users/PRATAP%20KUMAR/Documents/NetBeansProjects/JavaApplication4/src/payment.java</file>
            <file>file:/C:/Users/PRATAP%20KUMAR/Documents/NetBeansProjects/JavaApplication4/src/login.java</file>
            <file>file:/C:/Users/PRATAP%20KUMAR/Documents/NetBeansProjects/JavaApplication4/src/CANCEL.java</file>
            <file>file:/C:/Users/PRATAP%20KUMAR/Documents/NetBeansProjects/JavaApplication4/src/recepit1.java</file>
            <file>file:/C:/Users/PRATAP%20KUMAR/Documents/NetBeansProjects/JavaApplication4/src/register.java</file>
            <file>file:/C:/Users/PRATAP%20KUMAR/Documents/NetBeansProjects/JavaApplication4/src/movie.java</file>
        </group>
        <group>
            <file>file:/C:/Users/PRATAP%20KUMAR/OneDrive/Documents/NetBeansProjects/movieticketbooking/src/cardselection.java</file>
            <file>file:/C:/Users/PRATAP%20KUMAR/OneDrive/Documents/NetBeansProjects/movieticketbooking/src/login.java</file>
            <file>file:/C:/Users/PRATAP%20KUMAR/OneDrive/Documents/NetBeansProjects/movieticketbooking/src/javaapplication4/JavaApplication4.java</file>
            <file>file:/C:/Users/PRATAP%20KUMAR/OneDrive/Documents/NetBeansProjects/movieticketbooking/src/recepit1.java</file>
            <file>file:/C:/Users/PRATAP%20KUMAR/OneDrive/Documents/NetBeansProjects/movieticketbooking/src/CANCEL.java</file>
            <file>file:/C:/Users/PRATAP%20KUMAR/OneDrive/Documents/NetBeansProjects/movieticketbooking/src/movie.java</file>
            <file>file:/C:/Users/PRATAP%20KUMAR/OneDrive/Documents/NetBeansProjects/movieticketbooking/src/payment.java</file>
            <file>file:/C:/Users/PRATAP%20KUMAR/OneDrive/Documents/NetBeansProjects/movieticketbooking/src/recepit.java</file>
            <file>file:/C:/Users/PRATAP%20KUMAR/OneDrive/Documents/NetBeansProjects/movieticketbooking/src/register.java</file>
        </group>
    </open-files>
</project-private>
